<?xml version="1.0" encoding="UTF-8" standalone="no"?>
<custos path=".settings/com.amdocs.hub.maw.core.hawk/configuration" version="3.0">
<custo auto_update="false" debug="false" default="true" start="WebContentDEV/index.html" tollkit_version="3.5.0">
<platform id="IPhone">
<property id="private_key" value="Certificates/certificate.p12"/>
<property id="version" value="0.4"/>
<property id="mobile_provision" value="Certificates/8210798D-0C9A-4CE1-AAB0-586276AE28E9.mobileprovision"/>
<property id="ios_device_target">
<value ios_device_target="IPHONE"/>
</property>
<property id="distribution" value="AD_HOC"/>
<property id="bundle_identifier" value="com.amdocs.RichMedia.ZigPRT"/>
<property id="ios_deployement">
<property id="icon" value="publication/Icon.png"/>
<property id="icon_ipad" value=".settings/com.amdocs.hub.maw.core.hawk/configuration/iPhone/icon-72.png"/>
<property id="splash_screen" value="publication/Default.png"/>
<property id="splash_screen_ipad_landscape" value=".settings/com.amdocs.hub.maw.core.hawk/configuration/iPhone/ipad_splash_landscape.png"/>
<property id="splash_screen_retina_4" value="publication/DefaultI5.png"/>
<property id="splash_screen_retina" value="publication/Default@2.png"/>
<property id="splash_screen_ipad_portrait" value=".settings/com.amdocs.hub.maw.core.hawk/configuration/iPhone/ipad_splash.png"/>
<property id="status_bar_hidden" value="false"/>
<property id="supported_orientation_iphone">
<value auto="false" enabled="true" erender_mode="false" initial="P0"/>
</property>
<property id="supported_orientation_ipad">
<value auto="false" enabled="true" erender_mode="false" initial="L1"/>
</property>
<property id="icon_retina" value="publication/icon@2.png"/>
<property id="status_bar_hidden_ipad" value="false"/>
</property>
<property id="certificate" value="Certificates/ios_distribution.cer"/>
<property id="private_key_passphrase" value="toto"/>
<property id="name" value="ZigPRT"/>
<property id="company_name" value="Streamezzo"/>
<property id="certificate_name" value="streamezzo"/>
<property id="bkg_color" value="#000000ff"/>
</platform>
<platform id="ANDROID">
<property id="name" value="ZigPRT"/>
<property id="stz_app_version_name" value="0.4"/>
<property id="splash_screen" value="publication/splash_android_480x800.png"/>
<property id="exit_icon" value=".settings/com.amdocs.hub.maw.core.hawk/configuration/android/exitIcon_72x72.png"/>
<property id="screen_orientation">
<value auto="false" enabled="false" erender_mode="true" initial="P0"/>
</property>
<property id="icon" value="publication/Icon.png"/>
</platform>
<platform id="PC">
<property id="active_x" value="true"/>
<property id="name" value="MyApplication"/>
<property id="screen_orientation">
<value auto="false" enabled="true" erender_mode="true" initial="P0"/>
</property>
<property id="archive" value="true"/>
</platform>
<files>
<file path="WebContentDEV"/>
</files>
<notification active="false" notification_type="0"/>
</custo>
<resize_policies/>
</custos>
