<?xml version="1.0" encoding="ISO-8859-1"?>
<os>
	<android_dalvik>
		<mobpkg id="android_njdk_streamezzo_genericdevice">
			<platform>ANDROID NJDK - STREAMEZZO GENERICDEVICE</platform>
			<version>7.12.01-1.1.0</version>
			<info>Device Package (Android Native Version) for STREAMEZZO GENERICDEVICE</info>
			<label>Standard application</label>
			<empty>android_njdk_streamezzo_genericdevice/android_njdk_streamezzo_genericdevice.dar</empty>
			<empty_xdo>android_njdk_streamezzo_genericdevice/android_njdk_streamezzo_genericdevice_xdo.dar</empty_xdo>
			<androidVersion>Android_2.1</androidVersion>
			<properties>
				<property>
					<name>stz_app_name</name>
					<value>RichMedia</value>
				</property>
				<property>
					<name>stz_hide_status_bar</name>
					<value>TRUE</value>
				</property>
				<property>
					<name>stz_show_status_bar_over_scene</name>
					<value>FALSE</value>
				</property>
				<property>
					<name>stz_orientation_mode</name>
					<value>PORTRAIT</value>
				</property>
				<property>
					<name>stz_e_render_mode</name>
					<value>FALSE</value>
				</property>
				<property>
					<name>stz_home_replace_back</name>
					<value>FALSE</value>
				</property>
				<property>
					<name>stz_apn_name</name>
					<value></value>
				</property>
				<property>
					<name>stz_apn_user</name>
					<value></value>
				</property>
				<property>
					<name>stz_apn_password</name>
					<value></value>
				</property>
				<property>
					<name>stz_proxy_host</name>
					<value></value>
				</property>
				<property>
					<name>stz_proxy_port</name>
					<value></value>
				</property>
				<property>
					<name>stz_ua_device_name</name>
					<value></value>
				</property>
				<property>
					<name>stz_font_small_height</name>
					<value></value>
				</property>
				<property>
					<name>stz_font_medium_height</name>
					<value></value>
				</property>
				<property>
					<name>stz_font_large_height</name>
					<value></value>
				</property>
				<property>
					<name>stz_music_dir</name>
					<value></value>
				</property>
				<property>
					<name>stz_videos_dir</name>
					<value></value>
				</property>
				<property>
					<name>stz_pictures_dir</name>
					<value></value>
				</property>
				<property>
					<name>stz_touch_screen_sensitivity</name>
					<value>4</value>
				</property>
				<property>
					<name>stz_locale</name>
					<value>EN_GB</value>
				</property>
				<property>
					<name>stz_splash_screen_duration</name>
					<value>0</value>
				</property>
				<property>
					<name>stz_apn_network_feature</name>
					<value></value>
				</property>
				<property>
					<name>stz_network_timeout</name>
					<value>20000</value>
				</property>
				<property>
					<name>stz_screen_height_greater_than_width</name>
					<value></value>
				</property>
				<property>
					<name>stz_background_color</name>
					<value>0xFF000000</value>
				</property>
				<property>
					<name>stz_vibration_max_duration</name>
					<value>9000</value>
				</property>
				<property>
					<name>stz_camera_preview_width</name>
					<value></value>
				</property>
				<property>
					<name>stz_camera_preview_height</name>
					<value></value>
				</property>
				<property>
					<name>stz_app_version_name</name>
					<value>7.12.01-1.1.0</value>
				</property>
				<property>
					<name>stz_small_screen</name>
					<value></value>
				</property>
				<property>
					<name>stz_normal_screen</name>
					<value></value>
				</property>
				<property>
					<name>stz_large_screen</name>
					<value></value>
				</property>
				<property>
					<name>stz_xlarge_screen</name>
					<value></value>
				</property>
				<property>
					<name>android.permission.ACCESS_COARSE_LOCATION</name>
					<value>TRUE</value>
				</property>
				<property>
					<name>android.permission.ACCESS_FINE_LOCATION</name>
					<value>TRUE</value>
				</property>
				<property>
					<name>android.permission.ACCESS_NETWORK_STATE</name>
					<value>TRUE</value>
				</property>
				<property>
					<name>android.permission.ACCESS_SURFACE_FLINGER</name>
					<value>TRUE</value>
				</property>
				<property>
					<name>android.permission.ACCESS_WIFI_STATE</name>
					<value>TRUE</value>
				</property>
				<property>
					<name>android.permission.CALL_PHONE</name>
					<value>TRUE</value>
				</property>
				<property>
					<name>android.permission.CAMERA</name>
					<value>TRUE</value>
				</property>
				<property>
					<name>android.permission.CHANGE_NETWORK_STATE</name>
					<value>TRUE</value>
				</property>
				<property>
					<name>android.permission.CHANGE_WIFI_MULTICAST_STATE</name>
					<value>TRUE</value>
				</property>
				<property>
					<name>android.permission.CHANGE_WIFI_STATE</name>
					<value>TRUE</value>
				</property>
				<property>
					<name>android.permission.GET_ACCOUNTS</name>
					<value>TRUE</value>
				</property>
				<property>
					<name>android.permission.GET_TASKS</name>
					<value>TRUE</value>
				</property>
				<property>
					<name>android.permission.INTERNET</name>
					<value>TRUE</value>
				</property>
				<property>
					<name>android.permission.READ_CALENDAR</name>
					<value>TRUE</value>
				</property>
				<property>
					<name>android.permission.READ_CONTACTS</name>
					<value>TRUE</value>
				</property>
				<property>
					<name>android.permission.READ_PHONE_STATE</name>
					<value>TRUE</value>
				</property>
				<property>
					<name>android.permission.RECEIVE_SMS</name>
					<value>TRUE</value>
				</property>
				<property>
					<name>android.permission.RECORD_AUDIO</name>
					<value>TRUE</value>
				</property>
				<property>
					<name>android.permission.SEND_SMS</name>
					<value>TRUE</value>
				</property>
				<property>
					<name>android.permission.USE_CREDENTIALS</name>
					<value>TRUE</value>
				</property>
				<property>
					<name>android.permission.VIBRATE</name>
					<value>TRUE</value>
				</property>
				<property>
					<name>android.permission.WAKE_LOCK</name>
					<value>TRUE</value>
				</property>
				<property>
					<name>android.permission.WRITE_APN_SETTINGS</name>
					<value>TRUE</value>
				</property>
				<property>
					<name>android.permission.WRITE_CALENDAR</name>
					<value>TRUE</value>
				</property>
				<property>
					<name>android.permission.WRITE_CONTACTS</name>
					<value>TRUE</value>
				</property>
				<property>
					<name>android.permission.WRITE_EXTERNAL_STORAGE</name>
					<value>TRUE</value>
				</property>
				<property>
					<name>android.permission.WRITE_SETTINGS</name>
					<value>TRUE</value>
				</property>
				<property>
					<name>com.google.android.c2dm.permission.RECEIVE</name>
					<value>TRUE</value>
				</property>
				<property>
					<name>com.var__entry_point__.permission.C2D_MESSAGE</name>
					<value>TRUE</value>
				</property>
			</properties>
			<DE_info>
				<timestamp>30/09/2013-08:51:52</timestamp>
				<category name="Handset information">
				  <attribute>
				    <name>Brand</name>
				    <value>Streamezzo</value>
				  </attribute>
				  <attribute>
				    <name>Model</name>
				    <value>GenericDevice</value>
				  </attribute>
				  <attribute>
				    <name>Phone Operating System</name>
				    <value>Android</value>
				  </attribute>
				  <attribute>
				    <name>Phone OS Version</name>
				    <value>Android 4.0 (Ice cream sandwich)</value>
				  </attribute>
				  <attribute>
				    <name>Screen Width</name>
				    <value>720</value>
				  </attribute>
				  <attribute>
				    <name>Screen Height</name>
				    <value>1280</value>
				  </attribute>
				  <attribute>
				    <name>Screen diagonal size</name>
				    <value>0</value>
				  </attribute>
				  <attribute>
				    <name>Touchscreen</name>
				    <value>TBD</value>
				  </attribute>
				  <attribute>
				    <name>Keypad</name>
				    <value>TBD</value>
				  </attribute>
				  <attribute>
				    <name>Joypad</name>
				    <value>TBD</value>
				  </attribute>
				</category>
				<category name="Mobile platform interworking">
				  <attribute>
				    <name>UA device name</name>
				    <value></value>
				  </attribute>
				  <attribute>
				    <name>UA OS Name</name>
				    <value>Android.Linux</value>
				  </attribute>
				</category>
				<category name="Features">
				  <attribute>
				    <name>Touchscreen support</name>
				    <value>Yes</value>
				  </attribute>
				  <attribute>
				    <name>Battery level</name>
				    <value>Yes</value>
				  </attribute>
				  <attribute>
				    <name>Network level</name>
				    <value>Yes</value>
				  </attribute>
				  <attribute>
				    <name>Volume level</name>
				    <value>Yes</value>
				  </attribute>
				  <attribute>
				    <name>Memory level</name>
				    <value>Yes</value>
				  </attribute>
				</category>
				<category name="Basic features">
				  <attribute>
				    <name>Useable display resolution (full-screen)</name>
				    <value>720 x 1184</value>
				  </attribute>
				  <attribute>
				    <name>Useable display resolution (normal)</name>
				    <value>720 x 1184</value>
				  </attribute>
				</category>
			</DE_info>
		</mobpkg>
	</android_dalvik>
</os>
